dataset,model,eval_metrics/MSE[mean],eval_metrics/MSE[0.5],eval_metrics/MAE[mean],eval_metrics/MAE[0.5],eval_metrics/MASE[0.5],eval_metrics/MAPE[0.5],eval_metrics/sMAPE[0.5],eval_metrics/MSIS,eval_metrics/RMSE[mean],eval_metrics/NRMSE[mean],eval_metrics/ND[0.5],eval_metrics/mean_weighted_sum_quantile_loss
ett2/D/short,Granite-IQR-Ensemble-r1,113112.25396825396,113112.25396825396,202.31294642857142,202.31294642857142,1.3123977090480439,0.4235015384734623,0.13500399330774235,11.303003288386273,336.32165254151266,0.19248575529699696,0.11578903708811238,0.0942777910536928
ett2/H/long,Granite-IQR-Ensemble-r1,215.69406415343914,215.69406415343914,8.939895419973546,8.939895419973546,0.9896071718691652,0.1766982090980669,0.16687244937531598,7.060547789380615,14.686526619777705,0.20112067847216397,0.12242498712486487,0.09863503522469162
ett2/W/short,Granite-IQR-Ensemble-r1,3049091.1428571427,3049091.1428571427,1221.5160435267858,1221.5160435267858,0.8158889007789699,0.13727779047829763,0.1476622552486003,9.30117463095194,1746.164695226983,0.1464764475931819,0.10246646906958795,0.08549216682050528
ett2/H/medium,Granite-IQR-Ensemble-r1,217.0837425595238,217.0837425595238,9.0573486328125,9.0573486328125,0.9840093329374519,0.16814256242723277,0.16168962556443686,6.785757427026911,14.733761996161192,0.19854691782605635,0.1220535973900968,0.09756303518796179
ett2/H/short,Granite-IQR-Ensemble-r1,103.21356491815476,103.21356491815476,6.278222365606399,6.278222365606399,0.7211636958228351,0.11622230938035662,0.10769808921947675,5.025086086050401,10.159407705085703,0.12884955727049052,0.07962532814281341,0.06325789493246455
ett2/15T/long,Granite-IQR-Ensemble-r1,10.826754712301588,10.826754712301588,2.103040054563492,2.103040054563492,0.875871807416116,0.13278984691474033,0.1606047830542496,6.947206086982503,3.290403426983018,0.17535155468606806,0.11207481128625903,0.09004010184041315
bizitobs_l2c/H/medium,Granite-IQR-Ensemble-r1,71.00942615327381,71.00942615327381,4.742308989025298,4.742308989025298,0.4819541068883112,0.4874926670515495,0.6847653979363858,3.1720592434551262,8.426709093903373,0.5102500350719503,0.28715401243919225,0.22676961897628
bizitobs_l2c/H/long,Granite-IQR-Ensemble-r1,79.88872767857143,79.88872767857143,5.077616567460318,5.077616567460318,0.5437455248520383,0.586303901374805,0.732963324925444,4.126594757735677,8.938049433661208,0.5459618562072878,0.3101554748443552,0.2478622925134819
bizitobs_l2c/H/short,Granite-IQR-Ensemble-r1,55.73046875,55.73046875,4.504916236514137,4.504916236514137,0.44682454596851595,0.39312842938539794,0.5362715308374122,2.6853543048696555,7.465284237723303,0.40239793933664614,0.24282652243798963,0.1887208536176918
ett2/15T/medium,Granite-IQR-Ensemble-r1,10.805567413814485,10.805567413814485,2.0576922607421877,2.0576922607421877,0.8515532305767188,0.12807868510540554,0.15596914384609425,6.485669551189271,3.2871822909316246,0.17517988293825948,0.10965813802118614,0.08698204568603916
bizitobs_application/10S/long,Granite-IQR-Ensemble-r1,5169666.275555556,5169666.275555556,1382.3333333333333,1382.3333333333333,3.0225073526771387,0.04356844160291884,0.04446271396271616,54.57597554805111,2273.690013074684,0.08768713560557433,0.0533110713224231,0.04753390930161758
bizitobs_application/10S/medium,Granite-IQR-Ensemble-r1,3498421.3333333335,3498421.3333333335,1033.9210416666667,1033.9210416666667,2.271970621875792,0.03266144116719564,0.033287092101456695,32.48122583636246,1870.4067293862406,0.07344536732706948,0.0405990362948024,0.03508989850005318
ett2/15T/short,Granite-IQR-Ensemble-r1,7.373224167596726,7.373224167596726,1.6878573463076636,1.6878573463076636,0.7348174944696098,0.1068134215830031,0.12564516597981365,5.324954677499764,2.715368145868388,0.12890819635872952,0.08012859934090806,0.06358036653920526
bizitobs_l2c/5T/long,Granite-IQR-Ensemble-r1,69.81237103174603,69.81237103174603,5.219045758928571,5.219045758928571,0.5139505553660405,0.4606949441453228,0.6250124549137692,2.907986004898415,8.355379765860198,0.46914208253786116,0.29304161687641356,0.22379191652681632
bizitobs_service/10S/long,Granite-IQR-Ensemble-r1,127483.50306878307,127483.50306878307,73.0036574074074,73.0036574074074,1.252221843634479,0.07665859969204696,0.07395422223688311,15.362760114615334,357.0483203556391,0.26451281026735013,0.05408344327567204,0.04853929360477265
bizitobs_l2c/5T/medium,Granite-IQR-Ensemble-r1,57.44314944727891,57.44314944727891,4.744652822066326,4.744652822066326,0.46319217702115206,0.360602927401684,0.5452841116258894,2.8129072003501765,7.579125902587904,0.39877347834933663,0.2496385115821001,0.19179014525138188
bizitobs_service/10S/medium,Granite-IQR-Ensemble-r1,23464.619682539684,23464.619682539684,39.523244047619045,39.523244047619045,1.019171386009575,0.06525358169797867,0.06071420600681518,8.998532421379903,153.18165582908316,0.11528812391949673,0.029746124839821097,0.023742786298077363
m_dense/D/short,Granite-IQR-Ensemble-r1,7262.598518518518,7262.598518518518,41.462233796296296,41.462233796296296,0.6367540579675476,0.11695342632997822,0.09214622310075803,6.735674279348538,85.22088076591628,0.1475299504253568,0.07177725976916424,0.060342425626774915
m_dense/H/medium,Granite-IQR-Ensemble-r1,35507.43666666667,35507.43666666667,77.61981770833333,77.61981770833333,0.6762265201016482,0.25370700430283605,0.18725671642199695,7.555625822028728,188.43417064499386,0.327851650794296,0.13504867659047107,0.11199996779417914
sz_taxi/15T/medium,Granite-IQR-Ensemble-r1,16.268297192174145,16.268297192174145,2.7525328024839744,2.7525328024839744,0.5362697322122904,9618215896440.342,0.4057816610559922,3.7479660322758246,4.033397723033788,0.37537497431077005,0.2561691162072683,0.20216920969269905
bizitobs_l2c/5T/short,Granite-IQR-Ensemble-r1,19.224478585379465,19.224478585379465,2.5149075462704613,2.5149075462704613,0.2570297024517703,0.1377586334049056,0.18578451443196328,2.901133100480241,4.384572793942355,0.15058397114285013,0.08637210126782219,0.06986494023057203
m_dense/H/long,Granite-IQR-Ensemble-r1,32759.15061728395,32759.15061728395,76.66226851851852,76.66226851851852,0.6705834729528558,0.24983162089964087,0.18505594056424776,6.8583109889207465,180.9948911358659,0.3133289124663297,0.13271371954956387,0.10941847125457883
sz_taxi/15T/long,Granite-IQR-Ensemble-r1,15.429040909900285,15.429040909900285,2.694084563078704,2.694084563078704,0.5079211817557509,6201971320002.298,0.3989560814958667,3.6999053174976644,3.927981785841208,0.36356696902841573,0.24935964887500225,0.197202955619581
sz_taxi/H/short,Granite-IQR-Ensemble-r1,7.130649142795139,7.130649142795139,1.85070311717498,1.85070311717498,0.5635947888785031,1.262868685600085,0.29646631635081594,3.9483434187809037,2.670327534740849,0.24875748513047916,0.17240441375153828,0.13566167321473924
bizitobs_service/10S/short,Granite-IQR-Ensemble-r1,2535.5834854497352,2535.5834854497352,18.755732680224867,18.755732680224867,0.7048832652406992,0.05629069515006252,0.04579645808224536,5.4382160135316076,50.35457760174079,0.0373042824820701,0.01389484697091599,0.010936140115872938
m_dense/H/short,Granite-IQR-Ensemble-r1,43843.111666666664,43843.111666666664,85.59767795138889,85.59767795138889,0.7640360599210347,0.28344320115430627,0.20424215645580673,9.092992835713163,209.38746778799026,0.3714012347320509,0.15182896864453943,0.1266893713493168
sz_taxi/15T/short,Granite-IQR-Ensemble-r1,16.56728958297562,16.56728958297562,2.720578856229491,2.720578856229491,0.5428820206085523,1085078633377.7621,0.39411529697110026,3.862625398963873,4.070293549975925,0.38058986545551915,0.25438576558185505,0.2001979269342444
ett1/D/short,Granite-IQR-Ensemble-r1,41683.066666666666,41683.066666666666,137.66059027777777,137.66059027777777,1.6636988506757109,1.403899662078373,0.4681119488134226,9.937161691928802,204.1643129116023,0.5362443400617708,0.3615701066130138,0.2734625184507749
ett1/W/short,Granite-IQR-Ensemble-r1,1192388.5,1192388.5,878.3911830357143,878.3911830357143,1.5635735132687711,0.6070758274623326,0.5432975582920975,8.182743974379111,1091.9654298557257,0.4345191072963206,0.3495328169501356,0.25587523535399104
ett1/H/long,Granite-IQR-Ensemble-r1,144.6933201058201,144.6933201058201,7.046796461640212,7.046796461640212,1.3186065092801402,3036073150443.546,0.45970218036897026,8.364253418929708,12.028853648865303,0.576035748555911,0.3374558202464268,0.25794771974591524
ett1/H/medium,Granite-IQR-Ensemble-r1,132.79088541666667,132.79088541666667,6.712003580729166,6.712003580729166,1.2202636726430793,3316164415357.857,0.42938656021610566,7.894260557756154,11.523492761166931,0.551947986916654,0.32148906076855827,0.24706875441876047
bizitobs_application/10S/short,Granite-IQR-Ensemble-r1,427397.5466666667,427397.5466666667,351.4693402777778,351.4693402777778,1.0051688120842355,0.014717549218071831,0.014805069840185162,8.212638423241337,653.7564888141966,0.02521277463419619,0.013554767591410855,0.010773580768602787
jena_weather/D/short,Granite-IQR-Ensemble-r1,359.4796378968254,359.4796378968254,9.50904792906746,9.50904792906746,1.0444706437557691,0.6603843830967111,0.4436141714367963,6.4349425613826945,18.959948256702216,0.11416987710388257,0.05726001035117763,0.04487216802281928
us_births/M/short,Granite-IQR-Ensemble-r1,34840368.0,34840368.0,4628.998697916667,4628.998697916667,0.524094007161951,0.01419629156589508,0.01433745531402906,3.7577146508646115,5902.572998277954,0.01833335148941703,0.014377638395614751,0.011353684415390178
solar/W/short,Granite-IQR-Ensemble-r1,1613882.8613138685,1613882.8613138685,1012.3740305656934,1012.3740305656934,1.1017505835408516,0.2278859493506216,0.19747294314545502,5.389185495685875,1270.3868943411958,0.2593177203378037,0.20665084542739404,0.151249500394853
saugeen/M/short,Granite-IQR-Ensemble-r1,395.6637369791667,395.6637369791667,12.34059070405506,12.34059070405506,0.7231029503230442,0.3457705633980887,0.3516315791929192,4.404775775564323,19.89129802147579,0.5971964399398679,0.3705015543611029,0.2827344157409939
us_births/W/short,Granite-IQR-Ensemble-r1,2127483.1428571427,2127483.1428571427,1124.4993722098213,1124.4993722098213,1.0224515229702718,0.015225031546183996,0.015265675340122683,6.4810907279801695,1458.5894360158868,0.01980020857276624,0.015264968715608227,0.011866468656420041
jena_weather/H/long,Granite-IQR-Ensemble-r1,1243.591798941799,1243.591798941799,11.038800016534392,11.038800016534392,0.8562032656544071,1.9261232436039484,0.6205826633618398,5.854675813627854,35.26459696270183,0.2123319442677377,0.06646580626945872,0.052580898524220855
saugeen/W/short,Granite-IQR-Ensemble-r1,946.38466796875,946.38466796875,14.342837524414062,14.342837524414062,1.1635496709097093,0.3613091230392456,0.37537279085138303,9.930813873549116,30.76336568011943,0.9286177735721365,0.43295047710711254,0.3479869962377058
us_births/D/short,Granite-IQR-Ensemble-r1,149902.46666666667,149902.46666666667,237.78510416666666,237.78510416666666,0.35015488525675276,0.02291228771209717,0.02258614176851469,3.149257459795066,387.1723991540031,0.0362942706978805,0.02229042400079743,0.01789095129926937
ett1/H/short,Granite-IQR-Ensemble-r1,95.80004010881696,95.80004010881696,4.822958592006138,4.822958592006138,0.7991962445445255,0.4534345899309431,0.2555277727774735,5.5434668113600205,9.787749491523419,0.45683428732231585,0.2251071968149883,0.17482291702775182
saugeen/D/short,Granite-IQR-Ensemble-r1,1092.8828125,1092.8828125,12.11552734375,12.11552734375,2.6915575046433595,0.27662447611490887,0.31297809845441243,26.462048409180905,33.05877814590249,1.070781700909388,0.3924248173752541,0.32570749616030853
jena_weather/H/medium,Granite-IQR-Ensemble-r1,1240.8142857142857,1240.8142857142857,9.8311275421627,9.8311275421627,0.7416513043230768,2.005247247252913,0.6295806125229503,5.843704604033205,35.225193905985606,0.21554920880787282,0.0601584130113865,0.04841291891393542
solar/D/short,Granite-IQR-Ensemble-r1,124039.43552311436,124039.43552311436,250.09458637469587,250.09458637469587,0.9752414072936709,1.0632052456375456,0.42585908299847397,5.159098581567797,352.1923274620195,0.5087979661124639,0.3613015019383283,0.2723323598338126
m4_weekly/W/short,Granite-IQR-Ensemble-r1,230781.72359117205,230781.72359117205,244.72883744911078,244.72883744911078,1.9631437605553972,0.06010113820954056,0.06013653351697675,14.05248577915222,480.3974641806221,0.08752096625823678,0.04458579805647758,0.03541878582904964
ett1/15T/long,Granite-IQR-Ensemble-r1,8.534760044642857,8.534760044642857,1.5642120845734127,1.5642120845734127,0.999979794079692,0.7688859681604008,0.3868546518528562,6.720898849159021,2.92143116376937,0.5568276683579716,0.2981403699228614,0.2302060491742355
m4_hourly/H/short,Granite-IQR-Ensemble-r1,389405.9386267301,389405.9386267301,152.8903924908231,152.8903924908231,0.6764934868878517,0.08465703040505378,0.07762695841189103,5.771358713077748,624.0239888231301,0.08519306143852869,0.02087291648097722,0.018399255969000935
covid_deaths/D/short,Granite-IQR-Ensemble-r1,384735.02957393485,384735.02957393485,108.38113251879699,108.38113251879699,32.47421143258078,0.08581454933042154,0.14438400305892746,586.2136417417566,620.2701262949352,0.2333796425962538,0.04077892663072883,0.033127169024834584
solar/H/long,Granite-IQR-Ensemble-r1,748.6429440389294,748.6429440389294,11.531549700932684,11.531549700932684,0.8770781957060197,5.292523418020342,1.3235398041064084,4.008367004769104,27.361340318758682,0.9486676585228757,0.39981989648452576,0.30193419583875547
solar/H/medium,Granite-IQR-Ensemble-r1,742.7035279805352,742.7035279805352,10.98385487948601,10.98385487948601,0.8396684985846992,4.481225834303089,1.353857077637521,3.89195770911758,27.2525875465163,0.9817018112761446,0.3956640892018384,0.3020872191851484
ett1/15T/medium,Granite-IQR-Ensemble-r1,8.977466295030382,8.977466295030382,1.566287851484995,1.566287851484995,0.9839850129428288,0.7266005779578744,0.3850510692148892,6.378162623753048,2.996242028780449,0.5710867100705567,0.2985360219688682,0.23062641838025855
ett1/15T/short,Granite-IQR-Ensemble-r1,4.44330335344587,4.44330335344587,1.0444862729027158,1.0444862729027158,0.6653561509021625,0.4646584543179301,0.2355416131569916,4.637475299704083,2.107914455912732,0.398483585384074,0.19745138790772343,0.15451288870291108
kdd_cup_2018/D/short,Granite-IQR-Ensemble-r1,2872.525667639138,2872.525667639138,21.02953895392812,21.02953895392812,1.1870396939635977,0.5219874858570841,0.4623972894373985,9.112811127674815,53.59594823901465,1.2006061449063654,0.47108400023147085,0.37409823210323384
jena_weather/H/short,Granite-IQR-Ensemble-r1,1095.5364744462067,1095.5364744462067,8.303349494137361,8.303349494137361,0.514475731946286,1.1913816310381962,0.5585744758663785,4.436097968620223,33.098889323453236,0.2028940688694474,0.05089899989232724,0.04073967275963731
jena_weather/10T/long,Granite-IQR-Ensemble-r1,1381.3756923776455,1381.3756923776455,9.456959299561838,9.456959299561838,0.6173854448001053,0.7863946989800863,0.5307790191153613,5.436236621866087,37.16686282668535,0.2274304009403299,0.05786875408896448,0.04713269742039283
hospital/M/short,Granite-IQR-Ensemble-r1,2700.1872691221206,2700.1872691221206,17.28568866966808,17.28568866966808,0.744521317452479,0.18869158808224515,0.17027738935320255,4.8894734441334355,51.96332619378902,0.1886389407040908,0.06275106385273381,0.049276930867321725
jena_weather/10T/medium,Granite-IQR-Ensemble-r1,1413.8819264069264,1413.8819264069264,9.271714423814034,9.271714423814034,0.5803630838423157,0.7326650950159759,0.5446914060034826,5.26919334098668,37.60162132683811,0.23076052004290185,0.05690035606527164,0.046298812711505405
restaurant/D/short,Granite-IQR-Ensemble-r1,141.628512733711,141.628512733711,7.09554388748672,7.09554388748672,0.6799682209378786,0.6369739702416588,0.3911272453732699,4.588064909459679,11.900777820533875,0.5477013691261313,0.3265533699121433,0.2553428122456127
hierarchical_sales/D/short,Granite-IQR-Ensemble-r1,28.663024332110375,28.663024332110375,2.2990056139223336,2.2990056139223336,0.7414336024034014,0.6343184099407506,1.0490577061551336,7.151323775406032,5.353785981164205,1.6424822494180285,0.7053094624000463,0.5720795889191065
electricity/W/short,Granite-IQR-Ensemble-r1,35839842292.46847,35839842292.46847,25516.558558558558,25516.558558558558,1.403233655640194,0.19413046250507154,0.08881486168099711,11.00702513363742,189314.13653625676,0.4319524003564281,0.0582203681133651,0.04595033679429086
kdd_cup_2018/H/medium,Granite-IQR-Ensemble-r1,5187.710354201314,5187.710354201314,25.206303369344386,25.206303369344386,1.039069677736845,0.8948237233049402,0.5611679138523695,8.311869023690175,72.02576173981997,1.50762965092796,0.527613584805718,0.42091520262116267
kdd_cup_2018/H/long,Granite-IQR-Ensemble-r1,4112.022449774726,4112.022449774726,24.100817140235293,24.100817140235293,1.0192250182134643,0.9742234999011105,0.613950914262122,7.438015304132224,64.12505321459567,1.5046329291577099,0.565502580831429,0.444883019130707
jena_weather/10T/short,Granite-IQR-Ensemble-r1,801.2222890399751,801.2222890399751,5.4746011461530415,5.4746011461530415,0.26657073152091776,0.35697418626339295,0.3755404389261674,1.9965834738520571,28.30587022226971,0.17581494545616352,0.034004137457956864,0.027604686923426738
electricity/D/short,Granite-IQR-Ensemble-r1,1250891418.2734416,1250891418.2734416,4164.654396396397,4164.654396396397,1.373425196719943,0.32716303841121086,0.09165761953326743,11.091426981650411,35367.943370705645,0.5812127943892397,0.06843910583163457,0.05381914567470498
hierarchical_sales/W/short,Granite-IQR-Ensemble-r1,444.544844287937,444.544844287937,8.802076953952595,8.802076953952595,0.7112143171456288,0.5337609484820124,0.45129582686826747,6.583360702584007,21.084232124693017,0.9679874099096725,0.4041076583720379,0.34043108345715484
loop_seattle/D/short,Granite-IQR-Ensemble-r1,18.191463090170277,18.191463090170277,2.9086214772195884,2.9086214772195884,0.8770433183635238,0.05384339115075898,0.053651944082182615,7.375887282104622,4.265145142919556,0.07622384257250736,0.051980952148990275,0.042227981665212806
loop_seattle/H/long,Granite-IQR-Ensemble-r1,58.929945229188164,58.929945229188164,4.092378361363734,4.092378361363734,0.8570444038482999,0.11898879296270318,0.09491808635632856,6.9293245872920535,7.676584216250621,0.13719081502639952,0.07313626829018331,0.058895716743907395
bitbrains_rnd/H/short,Granite-IQR-Ensemble-r1,1858423.4373641363,1858423.4373641363,158.82742411941626,158.82742411941626,5.830166629555751,1.7319124674671469,0.49261340066528564,213.477835899008,1363.2400512617492,5.966205454703887,0.6951065171983314,0.6146213464320209
car_parts/M/short,Granite-IQR-Ensemble-r1,1.4274740321743578,1.4274740321743578,0.4460601469617418,0.4460601469617418,0.8230953917511978,0.8698802038541356,1.9151184255098903,17.67008813008953,1.1947694472886214,2.8649345746229544,1.0696064753682797,0.9496428890212498
loop_seattle/H/medium,Granite-IQR-Ensemble-r1,67.96460671439628,67.96460671439628,4.388633061931598,4.388633061931598,0.8984326434141179,0.11307724912346209,0.10021971201006154,7.817099639981429,8.2440649387542,0.1457129261654475,0.07756859875210005,0.06299326452628261
solar/H/short,Granite-IQR-Ensemble-r1,751.1152166170444,751.1152166170444,11.022958613583885,11.022958613583885,0.8496940696356872,4.445620626541117,1.3345191462365498,4.520276688816306,27.406481288502622,1.010212032389105,0.4063099274492077,0.31477590679241924
m4_daily/D/short,Granite-IQR-Ensemble-r1,394528.27920004056,394528.27920004056,179.01433506222753,179.01433506222753,3.3135060797958547,0.03945270603629485,0.030345946081101065,25.91974714470358,628.1148614704484,0.09702638680983286,0.027652767326012226,0.02203968227668737
bitbrains_fast_storage/H/short,Granite-IQR-Ensemble-r1,2847785.1134509766,2847785.1134509766,322.55801536333155,322.55801536333155,0.9602761726986757,3.887344087053201,0.4870525768151127,20.594057506397515,1687.5381813313074,4.810032044218298,0.9193951326144723,0.6637972202583121
bitbrains_rnd/5T/medium,Granite-IQR-Ensemble-r1,2343817.1626945296,2343817.1626945296,171.13245360640533,171.13245360640533,4.401574394254205,1.4353707923574706,0.6722798243205557,160.66534936870636,1530.9530243265237,6.441499695217211,0.7200414579881472,0.6691469694949492
bitbrains_rnd/5T/long,Granite-IQR-Ensemble-r1,2333778.981326252,2333778.981326252,198.50568863363097,198.50568863363097,3.3266567813975474,2.6785975721455886,0.669005079029189,116.45306857449538,1527.6710972346934,5.8521639453316325,0.7604305901105193,0.6698140090678395
solar/10T/long,Granite-IQR-Ensemble-r1,19.05636333827555,19.05636333827555,1.8564452332978507,1.8564452332978507,0.8128206823146429,3.4208136686539845,1.110044966732299,4.485649277743605,4.365359474118431,0.9435025981130231,0.40124093130378014,0.30947482933187814
electricity/H/long,Granite-IQR-Ensemble-r1,6159243.544144144,6159243.544144144,246.29950093843843,246.29950093843843,1.124302005493709,0.280844523120169,0.13110571508990793,9.26228676510404,2481.7823321444093,0.9788142577473132,0.09714045429047857,0.07701639939198782
solar/10T/medium,Granite-IQR-Ensemble-r1,18.72906133140829,18.72906133140829,1.818478864717473,1.818478864717473,0.7950250227434361,3.552057986890318,1.1034249505705742,4.474125942383113,4.327708554351632,0.96033573859122,0.4035276917862165,0.3099334654494783
kdd_cup_2018/H/short,Granite-IQR-Ensemble-r1,4428.688659535396,4428.688659535396,22.485390416226036,22.485390416226036,0.939576148736954,0.8372826277122788,0.49511852912692883,7.425995388850276,66.54839336554562,1.3929783943976557,0.4706599431687448,0.3778642134535226
solar/10T/short,Granite-IQR-Ensemble-r1,21.45331956997985,21.45331956997985,2.04634132849329,2.04634132849329,0.901692212400596,4.94014771989423,1.2798886243205903,8.76744242780681,4.631772832294331,1.3473821891315834,0.5952804592814953,0.47922390418925154
loop_seattle/H/short,Granite-IQR-Ensemble-r1,58.67981429108065,58.67981429108065,3.9756968846682925,3.9756968846682925,0.8081592281552243,0.10614174708985445,0.09147219977925466,8.13490484360698,7.660275079334988,0.13559466135073206,0.07037387915272582,0.057555541478784576
electricity/H/medium,Granite-IQR-Ensemble-r1,4783761.737581644,4783761.737581644,226.57260302294483,226.57260302294483,1.0273085199145005,0.22444552029390027,0.11915565586569313,8.392546484520132,2187.1812310784044,0.8537289062989526,0.08843875296091157,0.07025778825031721
bitbrains_fast_storage/5T/medium,Granite-IQR-Ensemble-r1,2719654.5945681003,2719654.5945681003,270.6622061094949,270.6622061094949,0.9761316391982297,3.3596648755900325,0.7574447327954297,21.620698076834724,1649.137530519544,5.010535270849108,0.8223465327177473,0.6338491821368611
bitbrains_fast_storage/5T/long,Granite-IQR-Ensemble-r1,4311717.366591891,4311717.366591891,398.9712902999786,398.9712902999786,0.897524262273823,4.756618819061287,0.7782166129953711,16.210278850975264,2076.4675211984154,5.487483629413537,1.0543619882210173,0.764608742321311
electricity/H/short,Granite-IQR-Ensemble-r1,1561869.5659670609,1561869.5659670609,167.769905115076,167.769905115076,0.9196843457949618,0.17245013709978577,0.11320084955037484,10.199326155548253,1249.747800945079,0.5899702163583771,0.07919937698175274,0.06440361497237794
m4_yearly/A/short,Granite-IQR-Ensemble-r1,3182829.568584777,3182829.568584777,826.8767171811976,826.8767171811976,3.046332001534616,0.16250585518282915,0.1360018047164105,28.646418815478114,1784.0486452405878,0.28608046919426444,0.1325935141107712,0.10796145721095092
m4_quarterly/Q/short,Granite-IQR-Ensemble-r1,1718718.8727708333,1718718.8727708333,544.4211525472006,544.4211525472006,1.1307510380018466,0.1123221510052681,0.09881046558993721,8.99100190623893,1310.9991886995329,0.21943817869710538,0.09112651418010694,0.07308413025844541
bitbrains_rnd/5T/short,Granite-IQR-Ensemble-r1,1556654.656350855,1556654.656350855,118.9826726339366,118.9826726339366,1.6692036041611464,0.9688447648763863,0.5544052088231911,54.099440268637935,1247.6596716856945,5.105063222276779,0.486842750420104,0.39816101875144094
loop_seattle/5T/long,Granite-IQR-Ensemble-r1,76.39037909571724,76.39037909571724,4.933602650032967,4.933602650032967,0.7816752948665836,0.1487675992748959,0.11293691045221496,6.1114888606232425,8.740158985723156,0.15452780714038447,0.08722710880396019,0.0697563567966612
loop_seattle/5T/short,Granite-IQR-Ensemble-r1,38.0531223986048,38.0531223986048,3.368930872552043,3.368930872552043,0.5340857775180158,0.08828977175418315,0.07176542868100053,3.949106526880329,6.168721293639776,0.10577995122481618,0.05776972672533624,0.04581651739539326
loop_seattle/5T/medium,Granite-IQR-Ensemble-r1,62.027386299503355,62.027386299503355,4.517507855835591,4.517507855835591,0.7193488559352933,0.14046429479577346,0.10429130752318742,5.333753883123306,7.875746713772819,0.14012571662047663,0.08037574704257494,0.06397656162819482
m4_monthly/M/short,Granite-IQR-Ensemble-r1,1791466.9655416666,1791466.9655416666,554.2520409794561,554.2520409794561,0.9224382823554591,0.16167416174764987,0.13084662166385674,7.594393166110577,1338.4569345114046,0.27817729892353554,0.11519260105204981,0.09209909586776782
bitbrains_fast_storage/5T/short,Granite-IQR-Ensemble-r1,1734791.3836348152,1734791.3836348152,158.8681347897962,158.8681347897962,0.6812467377254613,1.8438022740521274,0.6288976744183832,13.811910787447324,1317.1147951620676,4.135414688076346,0.49880664957239024,0.38391830417268996
electricity/15T/short,Granite-IQR-Ensemble-r1,124146.72474978885,124146.72474978885,48.93890292330905,48.93890292330905,0.9502541422857592,0.15289219549185828,0.14707439276026957,10.512580712348536,352.3446107857886,0.6945406968664262,0.09646822655930459,0.08057862102037024
electricity/15T/medium,Granite-IQR-Ensemble-r1,257218.2658499789,257218.2658499789,51.982638896220436,51.982638896220436,0.8029778369380655,0.11971085800615285,0.11824246478922534,6.833863253968451,507.16690137466475,0.8738996292402761,0.08957132008261513,0.0720389719461903
electricity/15T/long,Granite-IQR-Ensemble-r1,311407.85770073195,311407.85770073195,56.544410261824325,56.544410261824325,0.8484394511171451,0.12427893988389539,0.12027395740822287,6.852534527485893,558.039297631208,0.8803753923831894,0.08920573798769992,0.07101680864601419
temperature_rain/D/short,Granite-IQR-Ensemble-r1,185.67593578379862,185.67593578379862,5.7996952125077215,5.7996952125077215,1.3446375809996505,20.1358131790637,1.4778789444893197,20.04392373827157,13.626295746966548,1.6041752747193807,0.6827774645126444,0.5518969448763603
